<?xml version="1.0" encoding="UTF-8"?>
<api context="/usuario" name="Examen" xmlns="http://ws.apache.org/ns/synapse">
	<resource methods="POST" uri-template="/">
		<inSequence>
			<log category="INFO" level="full"/>
			<class name="com.example.Examen"/>
			<payloadFactory media-type="json" template-type="default">
				<format>{
					"age":"$1",
					"bisiesto":"$2"}
				</format>
				<args>
					<arg expression="//jsonObject/age" evaluator="xml"/>
					<arg expression="//jsonObject/bisiesto" evaluator="xml"/>
				</args>
			</payloadFactory>
			<log category="INFO" level="full"/>
			<call>
				<endpoint key="MayorOMenor"/>
			</call>
			<log category="INFO" level="full"/>
			<respond/>
		</inSequence>
		<faultSequence>
		</faultSequence>
	</resource>
</api>